{
  "id": "d80e5808-a5d2-43be-b22b-c2ca269f6cda",
  "generation": 4,
  "iteration": 200,
  "timestamp": 1776325765.300879,
  "parent_id": "215f6ad5-e13e-4739-a303-17b256235c88",
  "metrics": {
    "combined_score": 8.779429280494163,
    "negative_mse": -6.617692543859773e-10
  },
  "language": "python",
  "saved_at": 1776325770.310813
}