{
  "id": "d97376b4-d9e6-4721-a78f-8ac56dd0e501",
  "generation": 3,
  "iteration": 67,
  "timestamp": 1776329226.7206151,
  "parent_id": "eb44060f-e184-4586-ad0f-b365972619b4",
  "metrics": {
    "combined_score": 2.047289659361057,
    "negative_mse": -0.008968303401745054
  },
  "language": "python",
  "saved_at": 1776329917.3165843
}