{
  "id": "d5b42992-749f-48b0-b84d-8ce98890e536",
  "generation": 6,
  "iteration": 78,
  "timestamp": 1776323905.099333,
  "parent_id": "a79532c6-03f4-4cb1-bbc6-ab7f1e0e975b",
  "metrics": {
    "combined_score": 8.878705885361715,
    "negative_mse": -3.221907503398772e-10
  },
  "language": "python",
  "saved_at": 1776324559.6805313
}