{
  "id": "0c60a3b3-27c8-4c28-9a06-173ca7d486a6",
  "generation": 3,
  "iteration": 192,
  "timestamp": 1776321400.2815826,
  "parent_id": "5f36f768-8e9d-47ba-a887-854e8e5300f7",
  "metrics": {
    "combined_score": 6.753939802623604,
    "negative_mse": -1.75222029010095e-07
  },
  "language": "python",
  "saved_at": 1776321440.708754
}