{
  "id": "ae4faed0-0c8e-4380-905b-e637636ad701",
  "generation": 3,
  "iteration": 127,
  "timestamp": 1776338769.2072804,
  "parent_id": "5119a910-da66-46f2-ba10-c86af922f87d",
  "metrics": {
    "combined_score": 8.950748039904383,
    "negative_mse": -1.2008752448679524e-10
  },
  "language": "python",
  "saved_at": 1776339142.1146207
}