{
  "id": "fb2ed77c-3c7e-47ec-af43-eff6f85f916e",
  "generation": 4,
  "iteration": 111,
  "timestamp": 1776317865.9892857,
  "parent_id": "2e860434-c4db-4675-ad27-58f2970afdbd",
  "metrics": {
    "combined_score": 8.997259329951968,
    "negative_mse": -6.330579949546166e-12
  },
  "language": "python",
  "saved_at": 1776318308.6860316
}