{
  "id": "bff831f6-261d-4adb-a841-d0ca2a9cfb31",
  "generation": 4,
  "iteration": 74,
  "timestamp": 1776340793.9024305,
  "parent_id": "56b63090-809f-4845-b65d-3839e0e546a5",
  "metrics": {
    "combined_score": 4.2208330071204365,
    "negative_mse": -6.013949424404619e-05
  },
  "language": "python",
  "saved_at": 1776341454.7161639
}