{
  "id": "e7815717-9552-494a-91a4-93a0e75e3962",
  "generation": 2,
  "iteration": 24,
  "timestamp": 1776329880.8413632,
  "parent_id": "d6b1af35-9c67-4baf-8877-e0477aeca82c",
  "metrics": {
    "combined_score": 2.257416890915976,
    "negative_mse": -0.0055281908847469126
  },
  "language": "python",
  "saved_at": 1776330772.4913163
}