{
  "id": "34127e83-b249-42ab-b769-4f8393fbf4d8",
  "generation": 7,
  "iteration": 124,
  "timestamp": 1776312709.879043,
  "parent_id": "e1938885-e2af-4bcb-b1ee-a067dfd83096",
  "metrics": {
    "combined_score": 5.97317468642665,
    "negative_mse": -1.0627150736648427e-06
  },
  "language": "python",
  "saved_at": 1776313106.7814374
}