{
  "id": "c790a909-20a9-4a1a-94d9-3464172b529a",
  "generation": 4,
  "iteration": 163,
  "timestamp": 1776339995.043515,
  "parent_id": "8eb4c1b0-4e3b-4aad-9d18-f5f6f6db0a5d",
  "metrics": {
    "combined_score": 8.160239472427246,
    "negative_mse": -5.914495965744876e-09
  },
  "language": "python",
  "saved_at": 1776340203.8754308
}