{
  "id": "68c0cc2d-c2e4-4f63-ae2e-28c0254efee6",
  "generation": 2,
  "iteration": 21,
  "timestamp": 1776313227.3458664,
  "parent_id": "07ac63ff-9403-480f-8a5a-3763298b50f1",
  "metrics": {
    "combined_score": 3.2960234858770114,
    "negative_mse": -0.0005057963086401671
  },
  "language": "python",
  "saved_at": 1776314185.5171714
}