{
  "id": "6dc96c4d-9f4d-443a-b85a-541ebd29d3ca",
  "generation": 4,
  "iteration": 85,
  "timestamp": 1776336550.8747861,
  "parent_id": "bf662f03-1197-48f8-b5a0-c81b718cdd68",
  "metrics": {
    "combined_score": 6.502736823404866,
    "negative_mse": -3.132412376507588e-07
  },
  "language": "python",
  "saved_at": 1776337199.786623
}