{
  "id": "ab1357ed-1f0a-4fff-a430-8ac151898898",
  "generation": 2,
  "iteration": 52,
  "timestamp": 1776320787.5871942,
  "parent_id": "75eec253-a3fd-4b66-9875-f32e549b96e8",
  "metrics": {
    "combined_score": 8.532207828013037,
    "negative_mse": -1.9362442004583317e-09
  },
  "language": "python",
  "saved_at": 1776321557.1148772
}