{
  "id": "65245094-06a8-4beb-9825-225532af9797",
  "generation": 4,
  "iteration": 151,
  "timestamp": 1776323259.605227,
  "parent_id": "e64d704c-7526-4223-905f-a34f27ca862f",
  "metrics": {
    "combined_score": 7.280079679894709,
    "negative_mse": -5.147111827949317e-08
  },
  "language": "python",
  "saved_at": 1776323506.3279612
}