{
  "id": "b74e732f-a19c-4364-bb6f-cf62e7383a7a",
  "generation": 3,
  "iteration": 75,
  "timestamp": 1776321837.5139544,
  "parent_id": "0af7f9df-fdbf-4006-b60e-6c93a55b3cde",
  "metrics": {
    "combined_score": 8.511290154964433,
    "negative_mse": -2.081128740314504e-09
  },
  "language": "python",
  "saved_at": 1776322459.509746
}