{
  "id": "b9c1e8a5-a11e-49c1-8ace-9ac443c371fa",
  "generation": 6,
  "iteration": 140,
  "timestamp": 1776312746.2329795,
  "parent_id": "86a1b5fe-562d-4538-9f98-49067ef99154",
  "metrics": {
    "combined_score": 5.03548361421249,
    "negative_mse": -9.214446576549205e-06
  },
  "language": "python",
  "saved_at": 1776313066.9287694
}