{
  "id": "c5d68eb9-5c92-4dd7-b0e7-9ac4c41e453d",
  "generation": 4,
  "iteration": 101,
  "timestamp": 1776334534.0199575,
  "parent_id": "1ef11c1c-0693-4ea5-a8e3-6fb2fa3f6241",
  "metrics": {
    "combined_score": 2.184440360629836,
    "negative_mse": -0.006539726304638581
  },
  "language": "python",
  "saved_at": 1776335066.5923965
}