{
  "id": "b75466ba-919a-4b08-9cea-85327dddb096",
  "generation": 5,
  "iteration": 98,
  "timestamp": 1776332453.9975052,
  "parent_id": "2cd587dc-0d46-4d6c-b8b2-62c6bc693b1e",
  "metrics": {
    "combined_score": 4.939468259578142,
    "negative_mse": -1.1494602559866156e-05
  },
  "language": "python",
  "saved_at": 1776332969.3169675
}