{
  "id": "d673cc5d-4606-47ef-badb-8178c9bf1cf7",
  "generation": 2,
  "iteration": 133,
  "timestamp": 1776328520.8384504,
  "parent_id": "b0502aab-26e5-451f-b3cb-040372b0b142",
  "metrics": {
    "combined_score": 3.003793834033356,
    "negative_mse": -0.0009913014190255389
  },
  "language": "python",
  "saved_at": 1776328867.1087537
}