{
  "id": "ca784146-92e9-4f46-92ba-cdd07706fe29",
  "generation": 3,
  "iteration": 143,
  "timestamp": 1776316028.2502701,
  "parent_id": "eefcdedc-c2ed-4506-9fc2-a7a4e5af8c3d",
  "metrics": {
    "combined_score": 5.064511264909049,
    "negative_mse": -8.618632204589523e-06
  },
  "language": "python",
  "saved_at": 1776316338.5834672
}