{
  "id": "be3f99c8-f261-49e2-88fb-d59c2f468f4b",
  "generation": 4,
  "iteration": 196,
  "timestamp": 1776334938.0614564,
  "parent_id": "4c9717d6-e1f5-443f-a37a-ec4febbe23b5",
  "metrics": {
    "combined_score": 6.012287592895052,
    "negative_mse": -9.711032768828708e-07
  },
  "language": "python",
  "saved_at": 1776334959.5923252
}