{
  "id": "0f49da4e-5636-42d8-902e-8c509de545e1",
  "generation": 5,
  "iteration": 130,
  "timestamp": 1776331615.9789617,
  "parent_id": "3859782b-01c0-45d2-9dd5-aee33e3cd69f",
  "metrics": {
    "combined_score": 5.791452965161261,
    "negative_mse": -1.6153932747968886e-06
  },
  "language": "python",
  "saved_at": 1776331970.923804
}