{
  "id": "7fd7d474-ca01-4a0a-b823-9b5f414f2d48",
  "generation": 3,
  "iteration": 52,
  "timestamp": 1776315486.0937035,
  "parent_id": "51ff5732-96d1-4492-b89d-3949a653c9f8",
  "metrics": {
    "combined_score": 8.47612363384609,
    "negative_mse": -2.3409991577449126e-09
  },
  "language": "python",
  "saved_at": 1776316262.9855478
}