{
  "id": "5b4ee07e-5d38-4921-a57a-55a1b535a1e7",
  "generation": 4,
  "iteration": 130,
  "timestamp": 1776333674.242587,
  "parent_id": "8b18cae8-781e-44b7-a2fb-13562351a158",
  "metrics": {
    "combined_score": 4.0309070140590215,
    "negative_mse": -9.31297254495088e-05
  },
  "language": "python",
  "saved_at": 1776334021.103977
}