{
  "id": "06401a31-2492-4534-af36-b203d5ec45d6",
  "generation": 2,
  "iteration": 56,
  "timestamp": 1776343618.561506,
  "parent_id": "b4a82b49-9fab-487b-90d0-06dbf6287c1d",
  "metrics": {
    "combined_score": 8.800346969483845,
    "negative_mse": -5.836274845472592e-10
  },
  "language": "python",
  "saved_at": 1776344363.014827
}