{
  "id": "bb1fef10-ebd0-45bb-9b00-9d9aea3e4341",
  "generation": 3,
  "iteration": 93,
  "timestamp": 1776327296.4861348,
  "parent_id": "a15936e5-24a5-4b53-9558-ca29f883d027",
  "metrics": {
    "combined_score": 2.9360265483550423,
    "negative_mse": -0.0011587055224381918
  },
  "language": "python",
  "saved_at": 1776327834.9382565
}