{
  "id": "4addee6b-bf2e-40e2-8316-f41ff4ebcb38",
  "generation": 4,
  "iteration": 120,
  "timestamp": 1776311617.0826075,
  "parent_id": "e756bada-0f81-4207-a815-aafd848e0697",
  "metrics": {
    "combined_score": 4.647208547782502,
    "negative_mse": -2.253056988564952e-05
  },
  "language": "python",
  "saved_at": 1776312036.074481
}