{
  "id": "6e5a3dd0-9adb-4fec-a421-f9d23051da00",
  "generation": 2,
  "iteration": 58,
  "timestamp": 1776313425.3904128,
  "parent_id": "1758e6a7-55f0-415f-aba6-d32287841374",
  "metrics": {
    "combined_score": 4.740424222264053,
    "negative_mse": -1.8178242283604957e-05
  },
  "language": "python",
  "saved_at": 1776314157.015729
}