{
  "id": "b7c57ae5-f9f2-4a4e-a942-f25363a47c39",
  "generation": 3,
  "iteration": 139,
  "timestamp": 1776319021.4476728,
  "parent_id": "88060410-13b9-4ed6-9081-2a75527eb631",
  "metrics": {
    "combined_score": 8.79644379720514,
    "negative_mse": -5.979243058077459e-10
  },
  "language": "python",
  "saved_at": 1776319337.6973817
}