{
  "id": "6691f13f-7136-4e56-bb31-5cbe725a6531",
  "generation": 3,
  "iteration": 48,
  "timestamp": 1776332070.706702,
  "parent_id": "e62c8b43-a109-4439-82ca-dd2d65bae1f1",
  "metrics": {
    "combined_score": 0.0,
    "negative_mse": -1000000000.0
  },
  "language": "python",
  "saved_at": 1776332863.1200109
}