{
  "id": "abdc0f28-987c-46f9-b2f8-7e22b3b1041e",
  "generation": 8,
  "iteration": 184,
  "timestamp": 1776336016.7608287,
  "parent_id": "981b23d3-6acd-4e09-8edd-7b25f596c388",
  "metrics": {
    "combined_score": 3.7364169033331023,
    "negative_mse": -0.00018347661943758346
  },
  "language": "python",
  "saved_at": 1776336110.5214522
}