{
  "id": "6af12bf6-fd28-41f1-9a6d-a785c4aa553f",
  "generation": 5,
  "iteration": 181,
  "timestamp": 1776337949.1905096,
  "parent_id": "84eb9331-eec0-407c-82d5-d63dba5d6772",
  "metrics": {
    "combined_score": 6.921267046594489,
    "negative_mse": -1.1887619607357362e-07
  },
  "language": "python",
  "saved_at": 1776338037.8604035
}