{
  "id": "a52f3f39-57d3-4be9-a363-e2d44ff3dd1f",
  "generation": 5,
  "iteration": 160,
  "timestamp": 1776318219.4992514,
  "parent_id": "f98cef64-5b2b-4ef1-a214-4185d5866e89",
  "metrics": {
    "combined_score": 8.999932195265414,
    "negative_mse": -1.5613835941684183e-13
  },
  "language": "python",
  "saved_at": 1776318424.9260464
}