{
  "id": "a1b9a4c6-30db-4f6f-b56d-9c1617960411",
  "generation": 2,
  "iteration": 163,
  "timestamp": 1776333719.1085954,
  "parent_id": "35fc1f37-d0a4-47eb-a31d-9fc5bf22628f",
  "metrics": {
    "combined_score": 2.9927231862845,
    "negative_mse": -0.0010168956431889976
  },
  "language": "python",
  "saved_at": 1776333910.2021654
}