{
  "id": "06a34d35-7b6a-4c41-b92f-1d51e42f6a1d",
  "generation": 3,
  "iteration": 78,
  "timestamp": 1776330337.1760783,
  "parent_id": "1e267a96-e4e4-4ba1-830c-ab4993896bac",
  "metrics": {
    "combined_score": 7.440377745481735,
    "negative_mse": -3.5276239000504724e-08
  },
  "language": "python",
  "saved_at": 1776330954.1669798
}