{
  "id": "4df7168f-f6d8-43ff-9d1c-9f138f46f90c",
  "generation": 5,
  "iteration": 173,
  "timestamp": 1776319315.8226404,
  "parent_id": "ac75ea86-e00b-447f-8f09-1709182447c9",
  "metrics": {
    "combined_score": 7.391557812887078,
    "negative_mse": -3.959216237368399e-08
  },
  "language": "python",
  "saved_at": 1776319459.8784816
}