{
  "id": "ed234038-3375-4698-b7d1-98e4b69b1cef",
  "generation": 5,
  "iteration": 115,
  "timestamp": 1776316944.6108131,
  "parent_id": "cf9ef75d-cd87-4cfa-aebc-894a219cfe30",
  "metrics": {
    "combined_score": 3.778096754741311,
    "negative_mse": -0.00016668658145445333
  },
  "language": "python",
  "saved_at": 1776317408.3192444
}