{
  "id": "64d878a8-8796-4e79-8161-bcde070fe787",
  "generation": 4,
  "iteration": 142,
  "timestamp": 1776317018.5066578,
  "parent_id": "713298a3-cf38-4cec-8052-e7ff1bbbf25e",
  "metrics": {
    "combined_score": 6.979316470983715,
    "negative_mse": -1.0387779042360744e-07
  },
  "language": "python",
  "saved_at": 1776317327.129127
}