{
  "id": "a2121ef2-c036-4291-9cb7-5239081cbce5",
  "generation": 4,
  "iteration": 66,
  "timestamp": 1776343690.6340852,
  "parent_id": "e0a4281e-3ac1-40a2-bfd7-5daf8273e4fa",
  "metrics": {
    "combined_score": 5.273661952497149,
    "negative_mse": -5.32422604603674e-06
  },
  "language": "python",
  "saved_at": 1776344389.0634253
}