{
  "id": "07e3ff18-e440-435d-b6f5-5000f353a2db",
  "generation": 2,
  "iteration": 38,
  "timestamp": 1776331000.029556,
  "parent_id": "30e2cd2c-f533-49e0-b604-ab3bca4c00f5",
  "metrics": {
    "combined_score": 3.015397320048182,
    "negative_mse": -0.0009651664787287077
  },
  "language": "python",
  "saved_at": 1776331800.007721
}