{
  "id": "2d339485-c254-42cd-bf0a-af541f586b7d",
  "generation": 2,
  "iteration": 33,
  "timestamp": 1776313247.1975892,
  "parent_id": "d75c62dd-c1ad-44b4-b1af-04ef829a229e",
  "metrics": {
    "combined_score": 4.269057108693683,
    "negative_mse": -5.381890059709099e-05
  },
  "language": "python",
  "saved_at": 1776314104.7050552
}