{
  "id": "d29608c4-e5b7-4367-b425-8897e642f5e0",
  "generation": 5,
  "iteration": 129,
  "timestamp": 1776327319.3454618,
  "parent_id": "f8c28204-474f-410e-8ec7-cb164e6afedc",
  "metrics": {
    "combined_score": 3.620104482626964,
    "negative_mse": -0.0002398245876876839
  },
  "language": "python",
  "saved_at": 1776327688.7099218
}