{
  "id": "63d53944-b1b9-413d-8763-2794e5911eb3",
  "generation": 7,
  "iteration": 143,
  "timestamp": 1776330659.1512558,
  "parent_id": "0668bd56-af2c-4e4b-a44b-9247338b82af",
  "metrics": {
    "combined_score": 2.6901535121180427,
    "negative_mse": -0.0020410153694690584
  },
  "language": "python",
  "saved_at": 1776330948.097136
}