{
  "id": "94e34f91-01f7-4373-b7e2-c0a5025b389a",
  "generation": 3,
  "iteration": 87,
  "timestamp": 1776334346.4697518,
  "parent_id": "ba0b4ebc-daa3-4ebd-97df-3e0e539122d6",
  "metrics": {
    "combined_score": 5.8605312868181665,
    "negative_mse": -1.377696627312519e-06
  },
  "language": "python",
  "saved_at": 1776334939.410991
}