{
  "id": "57d6f6dc-05e9-4461-afc3-4167a48688ef",
  "generation": 4,
  "iteration": 156,
  "timestamp": 1776342169.4268508,
  "parent_id": "38a76ebc-0946-4b5d-be44-d805444d0200",
  "metrics": {
    "combined_score": 5.353576703694865,
    "negative_mse": -4.429199628179765e-06
  },
  "language": "python",
  "saved_at": 1776342376.8450284
}