{
  "id": "937cdace-cc4f-4d6e-86f3-e8fb308d1099",
  "generation": 5,
  "iteration": 110,
  "timestamp": 1776337642.942031,
  "parent_id": "82dbd9c5-af97-4c3b-a06b-c71b5f4f362f",
  "metrics": {
    "combined_score": 7.703525845114403,
    "negative_mse": -1.8791292386136698e-08
  },
  "language": "python",
  "saved_at": 1776338100.1414366
}