{
  "id": "e8d2902b-240f-4d7f-a27e-10f440a441de",
  "generation": 1,
  "iteration": 5,
  "timestamp": 1776328796.7089827,
  "parent_id": "0759d047-4c24-4bf8-b1d8-fc8389f3fffd",
  "metrics": {
    "combined_score": 7.1191272183129355,
    "negative_mse": -7.501035864285237e-08
  },
  "language": "python",
  "saved_at": 1776329775.776218
}