{
  "id": "074e502f-6067-448d-ace2-209501190db0",
  "generation": 3,
  "iteration": 65,
  "timestamp": 1776319810.2138813,
  "parent_id": "e8b6640a-123d-44a1-b6d2-2247c086dd6e",
  "metrics": {
    "combined_score": 8.990867956371021,
    "negative_mse": -2.1249939068736742e-11
  },
  "language": "python",
  "saved_at": 1776320504.7272627
}