{
  "id": "43fc4d33-3770-4541-bcdb-891e0a6c07bc",
  "generation": 3,
  "iteration": 79,
  "timestamp": 1776328108.4666548,
  "parent_id": "0b73b8b9-c539-41dd-8f8e-e3172dfffcc7",
  "metrics": {
    "combined_score": 3.8859398259534017,
    "negative_mse": -0.00013003397366315351
  },
  "language": "python",
  "saved_at": 1776328718.262929
}