{
  "id": "6f3a4119-e3b5-4552-a467-1bf1cd8db452",
  "generation": 7,
  "iteration": 116,
  "timestamp": 1776315869.8952627,
  "parent_id": "9f7987d0-8e51-4f73-84a8-f8b0260583eb",
  "metrics": {
    "combined_score": 3.7365024526056057,
    "negative_mse": -0.0001834404807537003
  },
  "language": "python",
  "saved_at": 1776316312.9353254
}