{
  "id": "d7c9f77d-9b8f-4db6-9456-55be1fa96134",
  "generation": 4,
  "iteration": 187,
  "timestamp": 1776338183.0233526,
  "parent_id": "3e75f405-562d-43c7-937f-9cdb7b357ace",
  "metrics": {
    "combined_score": 3.8479762707379526,
    "negative_mse": -0.0001419125059187589
  },
  "language": "python",
  "saved_at": 1776338246.6476982
}