{
  "id": "9a28704c-8989-4e7d-b8cd-b4be720fa699",
  "generation": 6,
  "iteration": 181,
  "timestamp": 1776326688.2590797,
  "parent_id": "3bb23e84-6130-4055-9255-9d13a0d846c4",
  "metrics": {
    "combined_score": 8.033410435416268,
    "negative_mse": -8.25954325061608e-09
  },
  "language": "python",
  "saved_at": 1776326794.0051425
}