{
  "id": "b6fbad9b-e86c-43eb-8fe8-6042a709ae1e",
  "generation": 3,
  "iteration": 159,
  "timestamp": 1776331591.6763282,
  "parent_id": "2042dc82-dfbb-4ca8-82d3-176cee3309cf",
  "metrics": {
    "combined_score": 1.2530656018920336,
    "negative_mse": -0.05583858319853546
  },
  "language": "python",
  "saved_at": 1776331804.7945697
}