{
  "id": "c6a96349-40c3-4834-9f6e-13f9363607e7",
  "generation": 4,
  "iteration": 145,
  "timestamp": 1776314932.879889,
  "parent_id": "5b853d7e-8639-461e-a93f-6034155ae6bd",
  "metrics": {
    "combined_score": 4.405247911920645,
    "negative_mse": -3.9331548611075005e-05
  },
  "language": "python",
  "saved_at": 1776315229.6149862
}