{
  "id": "cd9b6cd2-3cb0-4f9e-96e5-0ce0ffadac0e",
  "generation": 5,
  "iteration": 168,
  "timestamp": 1776341067.5662124,
  "parent_id": "8442c72e-3ff1-418c-b59c-3f360ceb076c",
  "metrics": {
    "combined_score": 8.23313495225111,
    "negative_mse": -4.846083952645317e-09
  },
  "language": "python",
  "saved_at": 1776341219.9519706
}