{
  "id": "d5f98bd7-b8ee-4045-9dca-4187f2892867",
  "generation": 6,
  "iteration": 161,
  "timestamp": 1776330597.6113393,
  "parent_id": "b7a73c7c-46ba-4477-b735-fbd62aac1d2a",
  "metrics": {
    "combined_score": 3.9925507424248687,
    "negative_mse": -0.0001017290499116805
  },
  "language": "python",
  "saved_at": 1776330787.3725278
}