{
  "id": "ffb24436-2918-4aef-a678-9ea83a61d902",
  "generation": 5,
  "iteration": 134,
  "timestamp": 1776338900.4926145,
  "parent_id": "aad209c6-4fd4-446a-aa75-7aa085cfa8a6",
  "metrics": {
    "combined_score": 2.1931720478987,
    "negative_mse": -0.006409555085609324
  },
  "language": "python",
  "saved_at": 1776339259.2405417
}