{
  "id": "1762ca26-e76f-4183-b347-a6296989a66d",
  "generation": 7,
  "iteration": 136,
  "timestamp": 1776314832.702889,
  "parent_id": "750de01f-0607-4b52-b8ad-54d11f4e01a7",
  "metrics": {
    "combined_score": 4.9205588144221215,
    "negative_mse": -1.2006184544527903e-05
  },
  "language": "python",
  "saved_at": 1776315169.2588773
}