{
  "id": "29483746-f585-4f10-bd4e-5895cf68c5ca",
  "generation": 3,
  "iteration": 101,
  "timestamp": 1776333386.3602753,
  "parent_id": "ebc609c6-c3c3-4278-8705-c0a4db4faad9",
  "metrics": {
    "combined_score": 5.118968398606674,
    "negative_mse": -7.602816040164648e-06
  },
  "language": "python",
  "saved_at": 1776333904.4044132
}