{
  "id": "dd4e8672-89cf-475a-a731-c99a59eda20a",
  "generation": 5,
  "iteration": 182,
  "timestamp": 1776334982.5430756,
  "parent_id": "d8f08151-cf9a-422e-89dd-0cc5107691e6",
  "metrics": {
    "combined_score": 3.0091347466881166,
    "negative_mse": -0.0009791851303879958
  },
  "language": "python",
  "saved_at": 1776335080.594393
}