{
  "id": "7e7251c6-fa98-4df2-9ccd-123fb0f45ab4",
  "generation": 2,
  "iteration": 162,
  "timestamp": 1776320370.9391592,
  "parent_id": "869b31fd-0a65-4435-a221-ee74f74d3ac2",
  "metrics": {
    "combined_score": 8.996134144820957,
    "negative_mse": -8.94119632126627e-12
  },
  "language": "python",
  "saved_at": 1776320559.418671
}