{
  "id": "38d59a34-5cf8-4581-b3e0-6c4b9b1475d9",
  "generation": 6,
  "iteration": 167,
  "timestamp": 1776339174.2613976,
  "parent_id": "428c0be3-3b5d-473f-bf95-6c25becfef14",
  "metrics": {
    "combined_score": 3.51390167316885,
    "negative_mse": -0.0003062646758747798
  },
  "language": "python",
  "saved_at": 1776339348.9877727
}