{
  "id": "e7784175-a8bb-4ab7-8b4e-1b468542477d",
  "generation": 6,
  "iteration": 102,
  "timestamp": 1776329244.7410023,
  "parent_id": "3a33b5ff-7bfc-439a-b7f1-34523693de33",
  "metrics": {
    "combined_score": 3.0608794559097343,
    "negative_mse": -0.0008692006540479043
  },
  "language": "python",
  "saved_at": 1776329749.2085044
}