{
  "id": "a9bece40-4563-414e-945a-b6260dcb4d1b",
  "generation": 2,
  "iteration": 23,
  "timestamp": 1776323630.1478515,
  "parent_id": "594e77eb-207c-4298-9807-7094d002115d",
  "metrics": {
    "combined_score": 8.98419721594713,
    "negative_mse": -3.705737438007605e-11
  },
  "language": "python",
  "saved_at": 1776324544.6867828
}