{
  "id": "14344778-da11-4ff8-b4d3-1d2f03c69d35",
  "generation": 3,
  "iteration": 53,
  "timestamp": 1776341509.7336764,
  "parent_id": "496df0eb-5542-478a-91bf-360e472de5d6",
  "metrics": {
    "combined_score": 7.08118921868306,
    "negative_mse": -8.194892868279894e-08
  },
  "language": "python",
  "saved_at": 1776342292.90164
}