{
  "id": "9d29e11c-9b9c-4e9d-b5c6-ff820aa78fcd",
  "generation": 8,
  "iteration": 158,
  "timestamp": 1776323467.448033,
  "parent_id": "d594fdcf-fd56-40a2-a34f-2be745dfc4df",
  "metrics": {
    "combined_score": 8.150527928400452,
    "negative_mse": -6.070857282906195e-09
  },
  "language": "python",
  "saved_at": 1776323687.6171324
}