{
  "id": "0895e40a-8f26-4ad5-bda7-913bda3fef9a",
  "generation": 4,
  "iteration": 178,
  "timestamp": 1776341120.7170322,
  "parent_id": "bebb4d63-7f58-4ae0-9097-a8d3db46e8a8",
  "metrics": {
    "combined_score": 4.476954866530509,
    "negative_mse": -3.334510654549906e-05
  },
  "language": "python",
  "saved_at": 1776341228.735552
}