{
  "id": "d755983c-066a-413b-9044-b2c8fda24d7b",
  "generation": 3,
  "iteration": 96,
  "timestamp": 1776336617.8171475,
  "parent_id": "9036ed94-406a-46b9-abdf-449c03182a62",
  "metrics": {
    "combined_score": 3.5480644174120393,
    "negative_mse": -0.0002830962056273563
  },
  "language": "python",
  "saved_at": 1776337151.645401
}