{
  "id": "b969e0fb-82c6-45da-b430-7fd107f1594c",
  "generation": 4,
  "iteration": 126,
  "timestamp": 1776335729.5069418,
  "parent_id": "768be573-99f8-4d70-a584-fa24764f4c17",
  "metrics": {
    "combined_score": 1.9004518263577883,
    "negative_mse": -0.012576162463539783
  },
  "language": "python",
  "saved_at": 1776336110.425137
}