{
  "id": "5dc82538-1a4a-4c9f-9f26-d4b0e20882b7",
  "generation": 7,
  "iteration": 161,
  "timestamp": 1776339978.1138291,
  "parent_id": "aa9cd09c-ab7a-46df-848f-7cb721c56509",
  "metrics": {
    "combined_score": 3.636481817656415,
    "negative_mse": -0.00023094911473786094
  },
  "language": "python",
  "saved_at": 1776340182.0498626
}