{
  "id": "a45dd795-e9e4-4954-83d4-da014a7fd0bc",
  "generation": 8,
  "iteration": 168,
  "timestamp": 1776321435.0380168,
  "parent_id": "c92f4ea4-d396-4232-a31d-8946aeaafe47",
  "metrics": {
    "combined_score": 7.554662629145659,
    "negative_mse": -2.6882863383554603e-08
  },
  "language": "python",
  "saved_at": 1776321607.5514953
}