{
  "id": "2997dcac-55db-4c1d-adf7-801499a8efd4",
  "generation": 2,
  "iteration": 34,
  "timestamp": 1776329076.1281314,
  "parent_id": "f2655ba5-007c-44e3-88c8-3b2f31f9bff0",
  "metrics": {
    "combined_score": 2.403465002720582,
    "negative_mse": -0.003949434242800966
  },
  "language": "python",
  "saved_at": 1776329919.5729585
}