{
  "id": "625143a8-5f21-4597-a178-d006bcb034e9",
  "generation": 5,
  "iteration": 178,
  "timestamp": 1776353983.8967283,
  "parent_id": "afec2095-5037-408f-bfc1-2bcb5895fd74",
  "metrics": {
    "combined_score": 0.08162995044694775,
    "negative_mse": -0.8286479285141627
  },
  "language": "python",
  "saved_at": 1776354102.713879
}