{
  "id": "2cb64c3d-7ca9-4d44-93fb-cfdc2b2e7ba6",
  "generation": 3,
  "iteration": 174,
  "timestamp": 1776336967.4838061,
  "parent_id": "fc001be5-b436-4450-9926-41f90c16fc56",
  "metrics": {
    "combined_score": 4.27267669100358,
    "negative_mse": -5.337220825948016e-05
  },
  "language": "python",
  "saved_at": 1776337104.1518242
}