{
  "id": "0383b15d-4014-4cf4-936d-8c75b134063c",
  "generation": 4,
  "iteration": 55,
  "timestamp": 1776335220.3146732,
  "parent_id": "8e56f1e5-c43f-4cb4-83b4-862ddc50d348",
  "metrics": {
    "combined_score": 4.8340662385649145,
    "negative_mse": -1.4652243327438037e-05
  },
  "language": "python",
  "saved_at": 1776335984.1474993
}