{
  "id": "97a1976d-9102-405a-afee-97d822687725",
  "generation": 2,
  "iteration": 97,
  "timestamp": 1776322981.4673977,
  "parent_id": "3ddee797-6b71-4ae0-975f-3396fb89299e",
  "metrics": {
    "combined_score": 8.511321197660273,
    "negative_mse": -2.0809085138827603e-09
  },
  "language": "python",
  "saved_at": 1776323499.7259684
}