{
  "id": "5ad5abb6-2fc9-4393-909e-2ec27cec1929",
  "generation": 2,
  "iteration": 19,
  "timestamp": 1776311101.3217626,
  "parent_id": "0461f569-896c-462e-a2ca-4833f73f91ab",
  "metrics": {
    "combined_score": 8.989541099326571,
    "negative_mse": -2.43748343214809e-11
  },
  "language": "python",
  "saved_at": 1776312049.502875
}