{
  "id": "b1471517-c579-4691-a6b2-92821c0cf193",
  "generation": 2,
  "iteration": 147,
  "timestamp": 1776342199.2398798,
  "parent_id": "af4d52f7-dd2f-4b24-b54e-ab51901f36c2",
  "metrics": {
    "combined_score": 7.648276822117084,
    "negative_mse": -2.1476215006394717e-08
  },
  "language": "python",
  "saved_at": 1776342460.2856984
}