{
  "id": "9f3d23da-30f3-41f0-9459-5725759623b6",
  "generation": 4,
  "iteration": 142,
  "timestamp": 1776336732.4917529,
  "parent_id": "c04caa71-13ea-4c76-b880-29482140c3c1",
  "metrics": {
    "combined_score": 4.296542972760395,
    "negative_mse": -5.051826544431668e-05
  },
  "language": "python",
  "saved_at": 1776337041.6115386
}