{
  "id": "f3c949bb-87a3-4aa7-8404-cc682d793d7f",
  "generation": 4,
  "iteration": 132,
  "timestamp": 1776323287.2683954,
  "parent_id": "bb81210a-d17e-41b9-b3e5-cab5d367ebaa",
  "metrics": {
    "combined_score": 8.533228984447126,
    "negative_mse": -1.9293483210112346e-09
  },
  "language": "python",
  "saved_at": 1776323650.742202
}