{
  "id": "a5190a6c-2e9f-4c15-99cf-5e82060bade8",
  "generation": 5,
  "iteration": 161,
  "timestamp": 1776311860.0389628,
  "parent_id": "e086f456-86ba-4109-91be-138325263cde",
  "metrics": {
    "combined_score": 6.539842516731606,
    "negative_mse": -2.875077496305032e-07
  },
  "language": "python",
  "saved_at": 1776312057.612465
}