{
  "id": "073bc1a0-e0ea-4980-9e13-39620be23061",
  "generation": 2,
  "iteration": 113,
  "timestamp": 1776325146.163673,
  "parent_id": "58118cd4-8bb7-48b7-82fb-d5d1fe272429",
  "metrics": {
    "combined_score": 7.15854940485461,
    "negative_mse": -6.841456319915858e-08
  },
  "language": "python",
  "saved_at": 1776325596.628779
}