{
  "id": "c9aafb18-c9d0-4024-9934-9ab487c48604",
  "generation": 5,
  "iteration": 98,
  "timestamp": 1776321945.6431403,
  "parent_id": "b7c05326-6f53-4ea3-b0dc-7a4de7f16127",
  "metrics": {
    "combined_score": 8.425583358275246,
    "negative_mse": -2.7533290633924546e-09
  },
  "language": "python",
  "saved_at": 1776322476.7874613
}