{
  "id": "16c3e78c-65ce-4c25-8cfb-720e9175e0d7",
  "generation": 4,
  "iteration": 160,
  "timestamp": 1776321233.6826494,
  "parent_id": "e5760fb4-8aed-4d20-9cd5-a985eec2fb7f",
  "metrics": {
    "combined_score": 8.986881773356389,
    "negative_mse": -3.066665745150721e-11
  },
  "language": "python",
  "saved_at": 1776321440.7001948
}