{
  "id": "732a34af-1cc7-498d-9d82-f4f485eadc0e",
  "generation": 3,
  "iteration": 72,
  "timestamp": 1776327191.265432,
  "parent_id": "1e980f02-f8b6-4c30-b21d-f6fed4300092",
  "metrics": {
    "combined_score": 3.314519564548063,
    "negative_mse": -0.0004847072764915745
  },
  "language": "python",
  "saved_at": 1776327838.2979558
}