{
  "id": "3f92768b-5d42-4e8a-a926-70763ff7b0b7",
  "generation": 3,
  "iteration": 132,
  "timestamp": 1776325380.7498374,
  "parent_id": "b919470f-cbec-47b4-91f4-71f6ee98861a",
  "metrics": {
    "combined_score": 7.795972259315434,
    "negative_mse": -1.499660204105633e-08
  },
  "language": "python",
  "saved_at": 1776325736.7977548
}