{
  "id": "98ab818b-9906-40b3-9eea-d0c483cdb3cb",
  "generation": 8,
  "iteration": 167,
  "timestamp": 1776326457.5950537,
  "parent_id": "c2a21387-e70f-4256-8aab-e288e4b1ee01",
  "metrics": {
    "combined_score": 7.8736607119255915,
    "negative_mse": -1.2376401259685315e-08
  },
  "language": "python",
  "saved_at": 1776326628.978359
}