{
  "id": "6d5ae1f9-c934-4869-afc6-2fca6a42eb56",
  "generation": 7,
  "iteration": 181,
  "timestamp": 1776311930.2842383,
  "parent_id": "51178173-28da-4b58-ab20-ffb623d9e403",
  "metrics": {
    "combined_score": 2.322941047793609,
    "negative_mse": -0.004753996535006959
  },
  "language": "python",
  "saved_at": 1776312033.0401106
}