{
  "id": "5f56df7f-6a7b-4e30-b417-5132592c817b",
  "generation": 2,
  "iteration": 27,
  "timestamp": 1776325898.780342,
  "parent_id": "baab4f87-bf90-4cc2-b2a3-d3f57d670954",
  "metrics": {
    "combined_score": 8.976771572550437,
    "negative_mse": -5.49416219780575e-11
  },
  "language": "python",
  "saved_at": 1776326798.1810257
}