{
  "id": "855a27a3-0eb2-4a1f-a118-14140382a88f",
  "generation": 3,
  "iteration": 59,
  "timestamp": 1776332108.4364421,
  "parent_id": "cfd371e7-dbd7-430a-b74c-862b5ce06d34",
  "metrics": {
    "combined_score": 3.9764248701917952,
    "negative_mse": -0.0001055774130446896
  },
  "language": "python",
  "saved_at": 1776332818.4077826
}