{
  "id": "dcf38120-1495-4eff-8e15-30cac4f2af54",
  "generation": 5,
  "iteration": 108,
  "timestamp": 1776317973.2715974,
  "parent_id": "47f43fff-6565-4dcb-8cdd-801cb8d10a2b",
  "metrics": {
    "combined_score": 8.095968861651116,
    "negative_mse": -7.017355447216517e-09
  },
  "language": "python",
  "saved_at": 1776318457.5237598
}