{
  "id": "e2e3de45-eb65-4105-b5c9-ad238dd54192",
  "generation": 3,
  "iteration": 188,
  "timestamp": 1776341300.1485474,
  "parent_id": "184d230c-6b48-442a-abec-2857958704fa",
  "metrics": {
    "combined_score": 4.794884341638949,
    "negative_mse": -1.603572412987657e-05
  },
  "language": "python",
  "saved_at": 1776341369.8634007
}