{
  "id": "219a3882-c87a-4486-a02c-58fafc7b742f",
  "generation": 5,
  "iteration": 177,
  "timestamp": 1776319287.9978256,
  "parent_id": "a43c14c0-2f81-4a72-a459-6b95e4c0c7ea",
  "metrics": {
    "combined_score": 8.912876877483294,
    "negative_mse": -2.2214608956004229e-10
  },
  "language": "python",
  "saved_at": 1776319407.8632991
}