{
  "id": "c4df17c4-138f-4f97-86bd-2d20ffe1a011",
  "generation": 6,
  "iteration": 198,
  "timestamp": 1776340281.899131,
  "parent_id": "b898649c-50c5-4a4a-afb1-6393cf55d110",
  "metrics": {
    "combined_score": 5.633176301196965,
    "negative_mse": -2.3261463642944525e-06
  },
  "language": "python",
  "saved_at": 1776340282.0539286
}