{
  "id": "031389b8-b99d-4e95-8688-04973a269682",
  "generation": 6,
  "iteration": 147,
  "timestamp": 1776344168.0323458,
  "parent_id": "41ba2168-2fae-417f-a721-0986f7f7938f",
  "metrics": {
    "combined_score": 4.84306708272122,
    "negative_mse": -1.4351677195057756e-05
  },
  "language": "python",
  "saved_at": 1776344452.4842706
}