{
  "id": "c452193f-948f-4702-a12b-6cb72d906a7d",
  "generation": 3,
  "iteration": 183,
  "timestamp": 1776333960.6210759,
  "parent_id": "cb638035-4890-4107-b82c-370a48395ec7",
  "metrics": {
    "combined_score": 8.999346671796916,
    "negative_mse": -1.5054758739755178e-12
  },
  "language": "python",
  "saved_at": 1776334058.2456737
}