{
  "id": "28b524fc-9bcb-484c-982c-eb9ada079962",
  "generation": 3,
  "iteration": 50,
  "timestamp": 1776315470.0882416,
  "parent_id": "34010714-f496-4719-a4d9-1caaebb850fc",
  "metrics": {
    "combined_score": 4.486425778253812,
    "negative_mse": -3.26257805413212e-05
  },
  "language": "python",
  "saved_at": 1776316255.6755486
}