{
  "id": "dace5eb8-2eb6-438c-8145-df8dfc91a1e3",
  "generation": 4,
  "iteration": 196,
  "timestamp": 1776322637.5190692,
  "parent_id": "de604bf7-133c-4ac6-b447-501a7595b86b",
  "metrics": {
    "combined_score": 8.6726118217422,
    "negative_mse": -1.1251430948855339e-09
  },
  "language": "python",
  "saved_at": 1776322658.6475012
}