{
  "id": "428db117-d44b-4475-848e-d3305d9dbfe0",
  "generation": 5,
  "iteration": 180,
  "timestamp": 1776320328.6386294,
  "parent_id": "296281cc-10ba-4536-8845-03bba7703a35",
  "metrics": {
    "combined_score": 8.997852482715727,
    "negative_mse": -4.957087189748043e-12
  },
  "language": "python",
  "saved_at": 1776320429.2524798
}