{
  "id": "0a0854aa-0b71-4669-bfdb-6d0e3e6688c9",
  "generation": 6,
  "iteration": 148,
  "timestamp": 1776332735.9982681,
  "parent_id": "10111721-3515-4d64-bee3-db5dd8609178",
  "metrics": {
    "combined_score": 3.9926855586075374,
    "negative_mse": -0.00010169747518747572
  },
  "language": "python",
  "saved_at": 1776332998.9984102
}