{
  "id": "4df92221-47c0-418c-8e3a-88fa802a6b02",
  "generation": 6,
  "iteration": 176,
  "timestamp": 1776342142.4365952,
  "parent_id": "b2689034-995b-43f6-bea2-88becc416104",
  "metrics": {
    "combined_score": 5.708843128579289,
    "negative_mse": -1.954045509838418e-06
  },
  "language": "python",
  "saved_at": 1776342266.2912621
}