{
  "id": "6863d2f3-d0ed-4581-bc09-a1481c2e7728",
  "generation": 6,
  "iteration": 198,
  "timestamp": 1776343502.425406,
  "parent_id": "5377efa3-b6b2-4df4-9ecc-713fe0c6a61f",
  "metrics": {
    "combined_score": 2.084569881243342,
    "negative_mse": -0.008230572901512651
  },
  "language": "python",
  "saved_at": 1776343517.067849
}