{
  "id": "b33f22f3-d22b-497a-b741-40c9185a8ad7",
  "generation": 3,
  "iteration": 187,
  "timestamp": 1776328816.16193,
  "parent_id": "b98ea1de-7f1b-40c9-b798-32c2e6a12fce",
  "metrics": {
    "combined_score": 4.486445322441142,
    "negative_mse": -3.2624312298942984e-05
  },
  "language": "python",
  "saved_at": 1776328881.3505569
}