{
  "id": "0071be58-0ee4-4bbe-b33c-ac1a1ccc8af3",
  "generation": 5,
  "iteration": 80,
  "timestamp": 1776314541.9911516,
  "parent_id": "c1821694-6642-4ccf-91fc-96ac4ad037e1",
  "metrics": {
    "combined_score": -0.4967657549750351,
    "negative_mse": -3.138815256255068
  },
  "language": "python",
  "saved_at": 1776315192.0102508
}