{
  "id": "23250626-3262-41a3-b12e-2cabba1e158b",
  "generation": 3,
  "iteration": 196,
  "timestamp": 1776324722.7973683,
  "parent_id": "a3d88180-6383-4180-9bd0-77468b6f71f5",
  "metrics": {
    "combined_score": 8.092747692827237,
    "negative_mse": -7.077041367433103e-09
  },
  "language": "python",
  "saved_at": 1776324742.4578576
}