{
  "id": "2024f420-4afb-4e26-a388-46ebbd7777b2",
  "generation": 6,
  "iteration": 121,
  "timestamp": 1776319094.9888654,
  "parent_id": "e886271f-3673-4a18-8326-e6d407a53fb9",
  "metrics": {
    "combined_score": 8.900670944620488,
    "negative_mse": -2.5698199059970093e-10
  },
  "language": "python",
  "saved_at": 1776319507.3489978
}