{
  "id": "6993af67-7643-43a0-a368-17be81a2ae7d",
  "generation": 2,
  "iteration": 123,
  "timestamp": 1776342932.0761147,
  "parent_id": "9bd9d3d8-ba18-4a71-a263-9459ee951ee5",
  "metrics": {
    "combined_score": 4.486643365102092,
    "negative_mse": -3.260943821933091e-05
  },
  "language": "python",
  "saved_at": 1776343333.3337805
}