{
  "id": "f0a3ca0c-17b6-4ff0-9ce5-d224d39bc6cb",
  "generation": 1,
  "iteration": 7,
  "timestamp": 1776330990.042195,
  "parent_id": "c45ea726-4a08-46db-b05f-d01aaa97da5b",
  "metrics": {
    "combined_score": 5.071912875223662,
    "negative_mse": -8.472973953551431e-06
  },
  "language": "python",
  "saved_at": 1776331952.4722457
}