{
  "id": "c32e1494-1739-4353-8fdc-c7e12f8af25e",
  "generation": 3,
  "iteration": 60,
  "timestamp": 1776353390.8136091,
  "parent_id": "48ddf725-f091-403c-926f-26e27e2f695e",
  "metrics": {
    "combined_score": 3.686218542709245,
    "negative_mse": -0.00020595832379854994
  },
  "language": "python",
  "saved_at": 1776354108.9748807
}