{
  "id": "3d8ee3e1-768e-43c6-8750-fbabfd29af99",
  "generation": 5,
  "iteration": 127,
  "timestamp": 1776322217.372481,
  "parent_id": "583e6c57-2923-4c7a-9cd2-be6f0474fa63",
  "metrics": {
    "combined_score": 8.851671623088382,
    "negative_mse": -4.0711106088034565e-10
  },
  "language": "python",
  "saved_at": 1776322588.3590946
}