{
  "id": "ae9db3ca-fcbe-4636-b8a8-681816a9da9a",
  "generation": 6,
  "iteration": 175,
  "timestamp": 1776335918.791604,
  "parent_id": "1861a3f0-6394-4e00-890d-fb5e740ff554",
  "metrics": {
    "combined_score": 0.9354420423423729,
    "negative_mse": -0.11602670362832052
  },
  "language": "python",
  "saved_at": 1776336053.6999915
}