{
  "id": "0dbd6173-51b1-461d-a26c-6ad6b81846da",
  "generation": 7,
  "iteration": 128,
  "timestamp": 1776328406.146857,
  "parent_id": "040305b1-84c7-46c3-992f-d5874603957d",
  "metrics": {
    "combined_score": 2.8472447941249377,
    "negative_mse": -0.001421526304173007
  },
  "language": "python",
  "saved_at": 1776328758.2970579
}