{
  "id": "aab1b5f2-add5-4467-accd-51c8608b2345",
  "generation": 2,
  "iteration": 60,
  "timestamp": 1776339669.1670022,
  "parent_id": "2c7cc291-150e-4bc8-b769-03b798918442",
  "metrics": {
    "combined_score": 6.318141674619147,
    "negative_mse": -4.796825156457607e-07
  },
  "language": "python",
  "saved_at": 1776340402.7537768
}