{
  "id": "971d3652-2bba-4604-b174-c54ca8f24ba9",
  "generation": 2,
  "iteration": 80,
  "timestamp": 1776342788.003351,
  "parent_id": "615ee12f-f813-4235-88c4-76095a814c9b",
  "metrics": {
    "combined_score": 8.368541575640961,
    "negative_mse": -3.2801444318112847e-09
  },
  "language": "python",
  "saved_at": 1776343399.7975664
}