{
  "id": "bf02affa-20d2-41f7-90b6-bad4c50ae176",
  "generation": 5,
  "iteration": 183,
  "timestamp": 1776315156.78609,
  "parent_id": "e6522a7e-2599-420b-bc27-d8feb5c24095",
  "metrics": {
    "combined_score": 1.6143488065118832,
    "negative_mse": -0.02430251252439505
  },
  "language": "python",
  "saved_at": 1776315261.0483084
}