{
  "id": "4acd0a46-25d2-4566-867d-533b6fade9e7",
  "generation": 1,
  "iteration": 4,
  "timestamp": 1776313104.5468993,
  "parent_id": "78ed9b00-3f24-4d0c-ba21-4b88b0ca47f5",
  "metrics": {
    "combined_score": 6.618458910939691,
    "negative_mse": -2.3973602711777113e-07
  },
  "language": "python",
  "saved_at": 1776314127.8149698
}