{
  "id": "9a8e8b30-136f-47f7-b5ed-6ab4c641806f",
  "generation": 2,
  "iteration": 56,
  "timestamp": 1776338338.4177797,
  "parent_id": "4374b974-493e-40da-93bf-d448867fbc89",
  "metrics": {
    "combined_score": 1.6810407625340653,
    "negative_mse": -0.020842951436251596
  },
  "language": "python",
  "saved_at": 1776339089.8219144
}