{
  "id": "4af55f43-80e4-4f49-b072-18a6a6a63b17",
  "generation": 4,
  "iteration": 161,
  "timestamp": 1776325400.8718703,
  "parent_id": "47eac8a6-04e9-47c6-8e6b-b6e626a22710",
  "metrics": {
    "combined_score": 7.327587780472601,
    "negative_mse": -4.603403299860669e-08
  },
  "language": "python",
  "saved_at": 1776325597.6313763
}