{
  "id": "f9fcd94e-a8df-47b2-8b63-debec6c729e1",
  "generation": 7,
  "iteration": 193,
  "timestamp": 1776338140.0902367,
  "parent_id": "69ad6f2d-082e-44e3-acce-3f857ee4e5c5",
  "metrics": {
    "combined_score": 4.64629180358204,
    "negative_mse": -2.2578181594023486e-05
  },
  "language": "python",
  "saved_at": 1776338178.5045438
}