{
  "id": "ef655a70-9e9e-47df-a269-3e60f3c10038",
  "generation": 4,
  "iteration": 53,
  "timestamp": 1776323923.9302797,
  "parent_id": "e373ac61-0626-4ee5-a2a3-70a496e6e65b",
  "metrics": {
    "combined_score": 8.316566212953397,
    "negative_mse": -3.824294227998785e-09
  },
  "language": "python",
  "saved_at": 1776324689.9962058
}