{
  "id": "538d0aed-f7e9-4d0e-a77c-8d73fa5a46d2",
  "generation": 2,
  "iteration": 16,
  "timestamp": 1776312151.1727605,
  "parent_id": "87f46b85-fb14-415c-bdfa-03ea4de79bd4",
  "metrics": {
    "combined_score": 5.61049097442442,
    "negative_mse": -2.45093540978369e-06
  },
  "language": "python",
  "saved_at": 1776313085.17193
}