{
  "id": "e0f801ae-7932-447b-aeaa-89955cea3ec6",
  "generation": 5,
  "iteration": 75,
  "timestamp": 1776316656.2723434,
  "parent_id": "b367fedb-c9b5-4f51-80f7-fa1ca8988b65",
  "metrics": {
    "combined_score": 3.2862173741124665,
    "negative_mse": -0.0005173468229667634
  },
  "language": "python",
  "saved_at": 1776317300.66446
}