{
  "id": "48d76025-db25-414a-8e3e-005e7bfb6fa8",
  "generation": 4,
  "iteration": 135,
  "timestamp": 1776326302.8162844,
  "parent_id": "43271dd8-a4d9-488d-a2c4-40de8f3b09b4",
  "metrics": {
    "combined_score": 8.911619522265024,
    "negative_mse": -2.2568953401210982e-10
  },
  "language": "python",
  "saved_at": 1776326659.1819153
}