{
  "id": "e8ba6d02-468a-4d05-8a5e-cf9d9cd07aed",
  "generation": 5,
  "iteration": 147,
  "timestamp": 1776320109.0213332,
  "parent_id": "43eca29e-012d-4a2d-a0d7-7f242cf550e1",
  "metrics": {
    "combined_score": 8.915210752128509,
    "negative_mse": -2.1559595951589808e-10
  },
  "language": "python",
  "saved_at": 1776320388.1932063
}