{
  "id": "b1e4f522-49e9-4dfa-b46e-ac49c072675f",
  "generation": 6,
  "iteration": 186,
  "timestamp": 1776313036.4305172,
  "parent_id": "ed86eff9-45ea-4b8a-830d-9ac7c84cab0e",
  "metrics": {
    "combined_score": 8.089793206024058,
    "negative_mse": -7.132176462938202e-09
  },
  "language": "python",
  "saved_at": 1776313102.8437412
}