{
  "id": "78ab75af-7b0e-4f18-927f-709ee36ca4be",
  "generation": 6,
  "iteration": 137,
  "timestamp": 1776318049.8806367,
  "parent_id": "fa17fcaa-4050-4389-aeb0-67352a6e1304",
  "metrics": {
    "combined_score": 8.970247931869581,
    "negative_mse": -7.090776634291119e-11
  },
  "language": "python",
  "saved_at": 1776318371.8789842
}