{
  "id": "d2957774-40d5-457a-80b9-e26da54b5bfb",
  "generation": 2,
  "iteration": 153,
  "timestamp": 1776343082.7998862,
  "parent_id": "66d1dd1c-39a0-44d9-935f-fa26b397c41c",
  "metrics": {
    "combined_score": 2.899064914144587,
    "negative_mse": -0.0012616379428927562
  },
  "language": "python",
  "saved_at": 1776343337.1347141
}