{
  "id": "17148e6a-8898-4bc6-9e2f-7ad671ef97ba",
  "generation": 3,
  "iteration": 117,
  "timestamp": 1776327311.2506473,
  "parent_id": "6776e1d7-178d-4bd5-a115-9ef99021a1ac",
  "metrics": {
    "combined_score": 0.15129052594809028,
    "negative_mse": -0.7058452125715894
  },
  "language": "python",
  "saved_at": 1776327748.2624223
}