{
  "id": "6c4e6cbe-f4fb-48c7-bbdf-f17feb4faf7c",
  "generation": 6,
  "iteration": 179,
  "timestamp": 1776317268.0204957,
  "parent_id": "da545d08-49e7-40ae-ae4a-45cdb6fc697d",
  "metrics": {
    "combined_score": 3.394014379519375,
    "negative_mse": -0.00040363102846286813
  },
  "language": "python",
  "saved_at": 1776317388.2814057
}